ProductKey,Product,Category,Department,ListPrice,Catalogue
19,Nike Men's Fingertrap Max Training Shoe,Soccer,Fitness,124.99,On sale 2015-17
24,Elevation Training Mask 2.0,Soccer,Fitness,79.99,On sale 2015-17
35,adidas Brazuca 2014 Official Match Ball,Baseball & Softball,Fitness,159.99,On sale 2015-17
37,adidas Kids' F5 Messi FG Soccer Cleat,Baseball & Softball,Fitness,34.99,On sale 2015-17
44,adidas Men's F10 Messi TRX FG Soccer Cleat,Baseball & Softball,Fitness,59.99,On sale 2015-17
58,Diamondback Boys' Insight 24 Performance Hybr,Basketball,Fitness,299.99,On sale 2015-17
60,SOLE E25 Elliptical,Basketball,Fitness,999.99,On sale 2015-17
61,Diamondback Girls' Clarity 24 Hybrid Bike 201,Basketball,Fitness,299.99,On sale 2015-17
78,Nike Kids' Grade School KD VI Basketball Shoe,Lacrosse,Fitness,99.99,On sale 2015-17
93,Under Armour Men's Tech II T-Shirt,Lacrosse,Fitness,24.99,On sale 2015-17
116,Nike Men's Comfort 2 Slide,Tennis & Racquet,Fitness,44.99,On sale 2015-17
127,Stiga Master Series ST3100 Competition Indoor,Hockey,Fitness,329.99,On sale 2015-17
134,Nike Women's Legend V-Neck T-Shirt,Hockey,Fitness,25.0,On sale 2015-17
135,Nike Dri-FIT Crew Sock 6 Pack,Hockey,Fitness,22.0,On sale 2015-17
172,Nike Women's Tempo Shorts,Cardio Equipment,Footwear,30.0,On sale 2015-17
191,Nike Men's Free 5.0+ Running Shoe,Cardio Equipment,Footwear,99.99,On sale 2015-17
203,GoPro HERO3+ Black Edition Camera,Strength Training,Footwear,399.99,On sale 2015-17
208,SOLE E35 Elliptical,Strength Training,Footwear,1999.99,On sale 2015-17
216,Yakima DoubleDown Ace Hitch Mount 4-Bike Rack,Strength Training,Footwear,189.0,On sale 2015-17
226,Bowflex SelectTech 1090 Dumbbells,Fitness Accessories,Footwear,599.99,On sale 2015-17
235,Under Armour Hustle Storm Medium Duffle Bag,Fitness Accessories,Footwear,34.99,On sale 2015-17
249,Under Armour Women's Micro G Skulpt Running S,Boxing & MMA,Footwear,54.97,On sale 2015-17
251,Brooks Women's Ghost 6 Running Shoe,Boxing & MMA,Footwear,89.99,On sale 2015-17
258,Nike Women's Free 5.0 TR FIT PRT 4 Training S,Boxing & MMA,Footwear,94.99,On sale 2015-17
273,Under Armour Kids' Mercenary Slide,Electronics,Footwear,27.99,On sale 2015-17
276,Under Armour Women's Ignite Slide,Electronics,Footwear,31.99,On sale 2015-17
278,Under Armour Men's Compression EV SL Slide,Electronics,Footwear,44.99,On sale 2015-17
282,Under Armour Women's Ignite PIP VI Slide,Electronics,Footwear,31.99,On sale 2015-17
295,Fitbit The One Wireless Activity & Sleep Trac,Kids' Golf Clubs,Outdoors,99.95,On sale 2015-17
303,Garmin Forerunner 910XT GPS Watch,Kids' Golf Clubs,Outdoors,399.99,On sale 2015-17
305,Mio ALPHA Heart Rate Monitor/Sport Watch,Kids' Golf Clubs,Outdoors,199.0,On sale 2015-17
306,Polar FT4 Heart Rate Monitor,Kids' Golf Clubs,Outdoors,89.99,On sale 2015-17
311,Polar Loop Activity Tracker,Kids' Golf Clubs,Outdoors,109.95,On sale 2015-17
359,Nike Men's Free TR 5.0 TB Training Shoe,As Seen on TV!,Footwear,99.99,On sale 2015-17
364,Total Gym 1400,Cleats,Apparel,299.99,On sale 2015-17
365,Perfect Fitness Perfect Rip Deck,Cleats,Apparel,59.99,On sale 2015-17
403,Nike Men's CJ Elite 2 TD Football Cleat,Men's Footwear,Apparel,129.99,On sale 2015-17
502,Nike Men's Dri-FIT Victory Golf Polo,Women's Apparel,Golf,50.0,On sale 2015-17
564,Nike Men's Deutschland Weltmeister Winners Bl,Girls' Apparel,Golf,30.0,On sale 2015-17
565,adidas Youth Germany Black/Red Away Match Soc,Girls' Apparel,Golf,70.0,On sale 2015-17
567,adidas Men's Germany Black Crest Away Tee,Girls' Apparel,Golf,25.0,On sale 2015-17
572,TYR Boys' Team Digi Jammer,Girls' Apparel,Golf,39.99,On sale 2015-17
607,Garmin Approach S3 Golf GPS Watch,Trade-In,Outdoors,249.99,On sale 2015-17
625,Nike Men's Kobe IX Elite Low Basketball Shoe,Shop By Sport,Golf,199.99,On sale 2015-17
627,Under Armour Girls' Toddler Spine Surge Runni,Shop By Sport,Golf,39.99,On sale 2015-17
642,Columbia Men's PFG Anchor Tough T-Shirt,Shop By Sport,Golf,30.0,On sale 2015-17
646,Merrell Women's Grassbow Sport Hiking Shoe,Men's Golf Clubs,Outdoors,99.99,On sale 2015-17
647,Merrell Women's Siren Mid Waterproof Hiking B,Men's Golf Clubs,Outdoors,134.99,On sale 2015-17
652,Merrell Women's Grassbow Sport Waterproof Hik,Men's Golf Clubs,Outdoors,129.99,On sale 2015-17
666,Merrell Men's All Out Flash Trail Running Sho,Men's Golf Clubs,Outdoors,109.99,On sale 2015-17
671,Cleveland Golf Collegiate My Custom Wedge 588,Women's Golf Clubs,Outdoors,209.99,On sale 2015-17
677,TaylorMade White Smoke IN-12 Putter,Women's Golf Clubs,Outdoors,99.99,On sale 2015-17
691,MDGolf Pittsburgh Penguins Putter,Women's Golf Clubs,Outdoors,79.99,On sale 2015-17
703,Top Flite Women's 2014 XL Hybrid,Golf Apparel,Outdoors,19.99,On sale 2015-17
705,Cleveland Golf Women's 588 RTX CB Satin Chrom,Golf Apparel,Outdoors,119.99,On sale 2015-17
715,TaylorMade Women's RBZ SL Rescue,Golf Apparel,Outdoors,129.99,On sale 2015-17
724,LIJA Women's Mid-Length Panel Golf Shorts,Golf Shoes,Outdoors,100.0,On sale 2015-17
725,LIJA Women's Button Golf Dress,Golf Shoes,Outdoors,108.0,On sale 2015-17
728,LIJA Women's Eyelet Sleeveless Golf Polo,Golf Shoes,Outdoors,65.0,On sale 2015-17
730,LIJA Women's Argyle Golf Polo,Golf Shoes,Outdoors,80.0,On sale 2015-17
743,Ogio Race Golf Shoes,Golf Bags & Carts,Outdoors,169.99,On sale 2015-17
768,Titleist Club Glove Travel Cover,Golf Gloves,Outdoors,299.99,On sale 2015-17
771,Clicgear Rovic Cooler Bag,Golf Gloves,Outdoors,39.99,On sale 2015-17
773,Titleist Small Wheeled Travel Cover,Golf Gloves,Outdoors,249.99,On sale 2015-17
775,Clicgear 8.0 Shoe Brush,Golf Gloves,Outdoors,9.99,On sale 2015-17
777,Bag Boy M330 Push Cart,Golf Gloves,Outdoors,79.99,On sale 2015-17
778,Bag Boy Beverage Holder,Golf Gloves,Outdoors,24.99,On sale 2015-17
786,TaylorMade 2014 Purelite Stand Bag,Golf Gloves,Outdoors,179.99,On sale 2015-17
792,Hirzl Men's Hybrid Golf Glove,Golf Balls,Outdoors,14.99,On sale 2015-17
793,Hirzl Women's Hybrid Golf Glove,Golf Balls,Outdoors,14.99,On sale 2015-17
797,Hirzl Women's Soffft Flex Golf Glove,Golf Balls,Outdoors,17.99,On sale 2015-17
804,Glove It Women's Imperial Golf Glove,Golf Balls,Outdoors,19.99,On sale 2015-17
810,Glove It Women's Mod Oval Golf Glove,Golf Balls,Outdoors,19.99,On sale 2015-17
818,Titleist Pro V1x Golf Balls,Electronics,Outdoors,47.99,On sale 2015-17
821,Titleist Pro V1 High Numbers Personalized Gol,Electronics,Outdoors,51.99,On sale 2015-17
822,Titleist Pro V1x High Numbers Golf Balls,Electronics,Outdoors,47.99,On sale 2015-17
823,Titleist Pro V1x High Numbers Personalized Go,Electronics,Outdoors,51.99,On sale 2015-17
825,Bridgestone e6 Straight Distance NFL Tennesse,Electronics,Outdoors,31.99,On sale 2015-17
828,Bridgestone e6 Straight Distance NFL San Dieg,Electronics,Outdoors,31.99,On sale 2015-17
835,Bridgestone e6 Straight Distance NFL Carolina,Electronics,Outdoors,31.99,On sale 2015-17
845,Garmin Approach S4 Golf GPS Watch,Kids' Golf Clubs,Outdoors,299.99,On sale 2015-17
858,GolfBuddy VT3 GPS Watch,Kids' Golf Clubs,Outdoors,199.99,On sale 2015-17
860,Bushnell Pro X7 Jolt Slope Rangefinder,Kids' Golf Clubs,Outdoors,599.99,On sale 2015-17
885,Team Golf St. Louis Cardinals Putter Grip,Accessories,Outdoors,24.99,On sale 2015-17
886,Team Golf San Francisco Giants Putter Grip,Accessories,Outdoors,24.99,On sale 2015-17
893,Team Golf Pittsburgh Steelers Putter Grip,Accessories,Outdoors,24.99,On sale 2015-17
897,Team Golf New England Patriots Putter Grip,Accessories,Outdoors,24.99,On sale 2015-17
905,Team Golf Texas Longhorns Putter Grip,Accessories,Outdoors,24.99,On sale 2015-17
906,Team Golf Tennessee Volunteers Putter Grip,Accessories,Outdoors,24.99,On sale 2015-17
917,Glove It Women's Mod Oval 3-Zip Carry All Gol,Trade-In,Outdoors,21.99,On sale 2015-17
924,Glove It Urban Brick Golf Towel,Trade-In,Outdoors,15.99,On sale 2015-17
926,Glove It Imperial Golf Towel,Trade-In,Outdoors,15.99,On sale 2015-17
957,Diamondback Women's Serene Classic Comfort Bi,Camping & Hiking,Fan Shop,299.98,On sale 2015-17
977,ENO Atlas Hammock Straps,Hunting & Shooting,Fan Shop,29.99,On sale 2015-17
981,The North Face Women's Recon Backpack,Hunting & Shooting,Fan Shop,99.0,On sale 2015-17
982,insta-bed Neverflat Air Mattress,Hunting & Shooting,Fan Shop,149.99,On sale 2015-17
1004,Field & Stream Sportsman 16 Gun Fire Safe,Fishing,Fan Shop,399.98,On sale 2015-17
1014,O'Brien Men's Neoprene Life Vest,Indoor/Outdoor Games,Fan Shop,49.98,On sale 2015-17
1059,Pelican Maverick 100X Kayak,Water Sports,Fan Shop,349.99,On sale 2015-17
1073,Pelican Sunstream 100 Kayak,Water Sports,Fan Shop,199.99,On sale 2015-17
1346,Sports Books,Books,Book Shop,31.08,On sale 2015-17
1347,Baby sweater,Baby,Apparel,59.08,Added Oct 2017
1348,CDs of rock,CDs,Discs Shop,11.29,Added Oct 2017
1349,Web Camera,Cameras,Technology,452.04,Added Oct 2017
1350,Children's heaters,Children's Clothing,Apparel,357.1,Added Oct 2017
1351,Dell Laptop,Computers,Technology,1500.0,Added Oct 2017
1352,Industrial consumer electronics,Consumer Electronics,Technology,252.88,Added Oct 2017
1353,Porcelain crafts,Crafts,Apparel,461.48,Added Oct 2017
1354,DVDs,DVDs,Discs Shop,164.38,Added Oct 2017
1355,Lawn mower,Garden,Outdoors,532.58,Added Oct 2017
1356,First aid kit,Health and Beauty,Health and Beauty,293.04,Added Oct 2017
1357,Men's gala suit,Men's Clothing,Apparel,210.85,Added Oct 2017
1358,Rock music,Music,Discs Shop,260.65,Added Oct 2017
1359,Adult dog supplies,Pet Supplies,Pet Shop,84.4,Added Oct 2017
1360,Smart watch,Sporting Goods,Fitness,327.75,Added Oct 2017
1361,Toys,Toys,Fan Shop,11.54,Added Oct 2017
1362,Fighting video games,Video Games,Discs Shop,39.75,Added Oct 2017
1363,Summer dresses,Women's Clothing,Apparel,215.82,Added Oct 2017
